fecha,perfil,retorno_predicho,retorno_realizado,error,abs_error,sq_error,signo_correcto,peso_acciones,n_activos
2019-01-01,muy_conservador,0.0,0.0,0.0,0.0,0.0,True,0.0,0
2019-01-01,conservador,0.007075697684748583,0.011616959630950028,-0.004541261946201445,0.004541261946201445,2.0623060064017334e-05,True,0.22358735797593804,253
2019-01-01,neutro,0.021232982881584806,0.034038880261189244,-0.012805897379604438,0.012805897379604438,0.00016399100769695982,True,0.6685436442667327,73
2019-01-01,arriesgado,0.040250879323336375,0.07481465425641946,-0.03456377493308309,0.03456377493308309,0.0011946545376248228,True,0.9999999899663914,36
2019-01-01,muy_arriesgado,0.046506538197034666,0.11036039314485527,-0.0638538549478206,0.0638538549478206,0.004077314791697314,True,0.9999998913145745,293
2019-02-01,muy_conservador,0.0,0.0,0.0,0.0,0.0,True,0.0,0
2019-02-01,conservador,0.004823883139755585,0.009919489467579073,-0.005095606327823488,0.005095606327823488,2.5965203848154773e-05,True,0.19982231139219236,279
2019-02-01,neutro,0.014479668460605577,0.029988019451769578,-0.015508350991164,0.015508350991164,0.00024050895046513743,True,0.5919173398452651,81
2019-02-01,arriesgado,0.028693977647488957,0.05039545220035444,-0.021701474552865484,0.021701474552865484,0.00047095399776866817,True,0.9999982549832362,300
2019-02-01,muy_arriesgado,0.033958549101631444,0.04681739082986077,-0.012858841728229327,0.012858841728229327,0.0001653498105916518,True,0.9999993164407881,299
2019-03-01,muy_conservador,0.0,0.0,0.0,0.0,0.0,True,0.0,0
2019-03-01,conservador,0.005919354915822903,0.00879798366881264,-0.002878628752989737,0.002878628752989737,8.286503497539248e-06,True,0.17738449692592823,164
2019-03-01,neutro,0.017763970125485827,0.026765024847787644,-0.009001054722301817,0.009001054722301817,8.101898611387184e-05,True,0.5295399624300202,24
2019-03-01,arriesgado,0.03550847593216455,0.05508326714071014,-0.01957479120854559,0.01957479120854559,0.0003831724508581538,True,0.9999997027883345,23
2019-03-01,muy_arriesgado,0.04101745743821437,0.053919822390239076,-0.012902364952024709,0.012902364952024709,0.00016647102135523557,True,0.9999999946082255,48
2019-04-01,muy_conservador,0.0,0.0,0.0,0.0,0.0,True,0.0,0
2019-04-01,conservador,0.008109215665503796,-0.004421864665431554,0.012531080330935349,0.012531080330935349,0.00015702797426035478,False,0.21538035709222408,189
2019-04-01,neutro,0.024331587886621986,-0.013481579690854367,0.03781316757747635,0.03781316757747635,0.001429835642242309,False,0.6440482252437121,88
2019-04-01,arriesgado,0.04756406695552063,-0.029224768468463884,0.07678883542398451,0.07678883542398451,0.005896525245771779,False,0.9999999988025688,24
2019-04-01,muy_arriesgado,0.05383212484202122,0.010169851590844988,0.043662273251176234,0.043662273251176234,0.0019063941054603796,True,0.9999999962614325,26
2019-05-01,muy_conservador,0.0,0.0,0.0,0.0,0.0,True,0.0,0
2019-05-01,conservador,0.009604491999885627,0.00015040577142678957,0.009454086228458837,0.009454086228458837,8.937974641513505e-05,True,0.19318645412431948,265
2019-05-01,neutro,0.028815778988258486,0.00027470205416552,0.028541076934092965,0.028541076934092965,0.0008145930725578134,True,0.5800880003660462,80
2019-05-01,arriesgado,0.057189150872521875,0.00709830599218692,0.05009084488033495,0.05009084488033495,0.0025090927408257784,True,0.999999946615806,49
2019-05-01,muy_arriesgado,0.0668849215298048,-0.007384253093069234,0.07426917462287404,0.07426917462287404,0.005515910299162957,False,0.9999997784317292,299
2019-06-01,muy_conservador,0.0,0.0,0.0,0.0,0.0,True,0.0,0
2019-06-01,conservador,0.007936878061127035,0.01338158597314238,-0.005444707912015345,0.005444707912015345,2.96448442471625e-05,True,0.21121286192382321,291
2019-06-01,neutro,0.02382199836854259,0.0400713021045759,-0.01624930373603331,0.01624930373603331,0.0002640398719058661,True,0.6337515088849346,268
2019-06-01,arriesgado,0.045584461989682766,0.08353876694936797,-0.03795430495968521,0.03795430495968521,0.001440529264972785,True,0.9999997857819888,198
2019-06-01,muy_arriesgado,0.05310142975621222,0.1077935623950147,-0.054692132638802474,0.054692132638802474,0.002991229372580363,True,0.9999999844139427,214
2019-07-01,muy_conservador,0.0,0.0,0.0,0.0,0.0,True,0.0,0
2019-07-01,conservador,0.008826055343213082,0.012102489683664999,-0.0032764343404519166,0.0032764343404519166,1.0735021987292586e-05,True,0.20770807956327128,291
2019-07-01,neutro,0.026485441210158483,0.036252565148311405,-0.009767123938152922,0.009767123938152922,9.539671002323985e-05,True,0.6234776427082885,59
2019-07-01,arriesgado,0.05144283811890971,0.07007912197315147,-0.018636283854241757,0.018636283854241757,0.000347311075895872,True,0.9999998708912767,270
2019-07-01,muy_arriesgado,0.05727728627890677,0.051941364366729866,0.005335921912176904,0.005335921912176904,2.8472062652849625e-05,True,0.999999911127207,297
2019-08-01,muy_conservador,0.0,0.0,0.0,0.0,0.0,True,0.0,0
2019-08-01,conservador,0.009405242255166308,-0.0018550084205601071,0.011260250675726415,0.011260250675726415,0.00012679324528019719,False,0.20797764250327822,48
2019-08-01,neutro,0.02821465403343854,-0.005514659198896486,0.03372931323233502,0.03372931323233502,0.0011376665711249705,False,0.6248818020469461,116
2019-08-01,arriesgado,0.05502505374413379,-0.029597744769168103,0.08462279851330189,0.08462279851330189,0.007161018028222888,False,0.9999999982355112,22
2019-08-01,muy_arriesgado,0.06336069685633985,-0.05183586860923901,0.11519656546557885,0.11519656546557885,0.013270248695065394,False,0.9999999817721721,179
2019-09-01,muy_conservador,0.0,0.0,0.0,0.0,0.0,True,0.0,0
2019-09-01,conservador,0.008753282242411928,-0.007234188908251842,0.01598747115066377,0.01598747115066377,0.0002555992337933063,False,0.20392476299184958,74
2019-09-01,neutro,0.026260354731577746,-0.021462175242452516,0.04772252997403026,0.04772252997403026,0.0022774398671222165,False,0.6139618081502776,86
2019-09-01,arriesgado,0.05080807230219655,-0.04836212448910683,0.09917019679130337,0.09917019679130337,0.009834727931625837,False,0.9999999587731576,128
2019-09-01,muy_arriesgado,0.054773158882889854,-0.0634030530488203,0.11817621193171016,0.11817621193171016,0.013965617066528473,False,0.9999999238304809,276
2019-10-01,muy_conservador,0.0,0.0,0.0,0.0,0.0,True,0.0,0
2019-10-01,conservador,0.009870911990344726,-0.005506060924098513,0.015376972914443239,0.015376972914443239,0.000236451296011521,False,0.23427067051676212,63
2019-10-01,neutro,0.029614578425738444,-0.016590105053490106,0.04620468347922855,0.04620468347922855,0.0021348727754156955,False,0.7021478239224785,48
2019-10-01,arriesgado,0.053290712976135364,-0.025745907371469194,0.07903662034760456,0.07903662034760456,0.006246787355971379,False,0.9999999976514994,33
2019-10-01,muy_arriesgado,0.05531347663715856,-0.03505002908974831,0.09036350572690688,0.09036350572690688,0.008165563167256732,False,0.9999999993760526,26
2019-11-01,muy_conservador,0.0,0.0,0.0,0.0,0.0,True,0.0,0
2019-11-01,conservador,0.007866843695143302,0.005951387250322496,0.0019154564448208063,0.0019154564448208063,3.668973392005563e-06,True,0.23918327680357604,201
2019-11-01,neutro,0.023600767736413817,0.01793286318462909,0.005667904551784727,0.005667904551784727,3.212514200814203e-05,True,0.7172587583016248,80
2019-11-01,arriesgado,0.04062470124288123,0.08387795931640173,-0.0432532580735205,0.0432532580735205,0.001870844333974566,True,0.9999999984459393,24
2019-11-01,muy_arriesgado,0.04219690150054845,0.08963157711431988,-0.047434675613771425,0.047434675613771425,0.0022500484505837215,True,0.9999999972184195,26
2019-12-01,muy_conservador,0.0,0.0,0.0,0.0,0.0,True,0.0,0
2019-12-01,conservador,0.009010157961168748,0.005720734508307805,0.0032894234528609437,0.0032894234528609437,1.0820306652231614e-05,True,0.23749853500148588,83
2019-12-01,neutro,0.027030249409436696,0.01715497507371419,0.009875274335722505,0.009875274335722505,9.752104320577956e-05,True,0.7126155100341655,143
2019-12-01,arriesgado,0.04928751192811642,0.030434634914159688,0.018852877013956736,0.018852877013956736,0.00035543097170337825,True,0.9999999929263386,71
2019-12-01,muy_arriesgado,0.05667555516680583,0.04103585822275252,0.01563969694405331,0.01563969694405331,0.00024460012050183045,True,0.9999999972927915,30
2020-01-01,muy_conservador,0.0,0.0,0.0,0.0,0.0,True,0.0,0
2020-01-01,conservador,0.008835650422358808,0.004617030121660922,0.004218620300697886,0.004218620300697886,1.7796757241460322e-05,True,0.2634527189065735,267
2020-01-01,neutro,0.026510962572950828,0.013724941258620563,0.012786021314330265,0.012786021314330265,0.00016348234105050783,True,0.7868931835808675,142
2020-01-01,arriesgado,0.04799547641081132,0.0018822081101714972,0.04611326830063982,0.04611326830063982,0.002126433513366793,True,0.9999999957806109,54
2020-01-01,muy_arriesgado,0.05472829800673106,-0.01885881491848811,0.07358711292521918,0.07358711292521918,0.005415063188668959,False,0.9999999956522015,152
2020-02-01,muy_conservador,0.0,0.0,0.0,0.0,0.0,True,0.0,0
2020-02-01,conservador,0.010209385070112906,-0.02351558119646436,0.03372496626657727,0.03372496626657727,0.0011373733496817748,False,0.29655410384059233,78
2020-02-01,neutro,0.030625053448275902,-0.07033888157306409,0.10096393502133999,0.10096393502133999,0.010193716174993364,False,0.8910293681026829,286
2020-02-01,arriesgado,0.051661436904042915,-0.08287298481447265,0.13453442171851557,0.13453442171851557,0.018099510627135395,False,0.9999999633933453,297
2020-02-01,muy_arriesgado,0.058987867167141474,-0.06561308926892749,0.12460095643606897,0.12460095643606897,0.015525398344783158,False,0.999999997615957,58
2020-03-01,muy_conservador,0.0,0.0,0.0,0.0,0.0,True,0.0,0
2020-03-01,conservador,0.011036290216938175,-0.04328412904920326,0.05432041926614143,0.05432041926614143,0.002950707949249389,False,0.27978250090183243,73
2020-03-01,neutro,0.033108341487275324,-0.1298156480396178,0.1629239895268931,0.1629239895268931,0.026544226363359173,False,0.83954459463581,202
2020-03-01,arriesgado,0.05617036840635841,-0.1613234746530633,0.2174938430594217,0.2174938430594217,0.04730357176875636,False,0.9999999565560524,207
2020-03-01,muy_arriesgado,0.06214456207895066,-0.14516063227155154,0.2073051943505022,0.2073051943505022,0.042975443604699494,False,0.9999999261077602,293
2020-04-01,muy_conservador,0.0,0.0,0.0,0.0,0.0,True,0.0,0
2020-04-01,conservador,0.0060008359535620925,0.01630166137016403,-0.010300825416601937,0.010300825416601937,0.00010610700426331246,True,0.1617783724350324,128
2020-04-01,neutro,0.01800277017204038,0.049096548104882405,-0.031093777932842025,0.031093777932842025,0.0009668230261368937,True,0.48413342882053173,269
2020-04-01,arriesgado,0.03599787730833006,0.1001556013297462,-0.06415772402141615,0.06415772402141615,0.004116213551608198,True,0.9629024499595493,87
2020-04-01,muy_arriesgado,0.04571089468568741,0.14176132969246164,-0.09605043500677422,0.09605043500677422,0.009225686064990558,True,0.9999998978732718,278
2020-05-01,muy_conservador,0.0,0.0,0.0,0.0,0.0,True,0.0,0
2020-05-01,conservador,0.003852781779258858,0.009060800485378107,-0.005208018706119248,0.005208018706119248,2.712345884328801e-05,True,0.1263935825482983,111
2020-05-01,neutro,0.011567370318735417,0.02726738761924012,-0.015700017300504705,0.015700017300504705,0.000246490543236147,True,0.3749027256411201,192
2020-05-01,arriesgado,0.023135274884057706,0.05457708850322008,-0.03144181361916237,0.03144181361916237,0.0009885876436621444,True,0.7498057055519302,24
2020-05-01,muy_arriesgado,0.03076184279613611,0.07199656274339707,-0.04123471994726095,0.04123471994726095,0.0017003021291290402,True,0.9999916493129902,102
2020-06-01,muy_conservador,0.0,0.0,0.0,0.0,0.0,True,0.0,0
2020-06-01,conservador,0.006744898922818601,0.00895708126451704,-0.0022121823416984395,0.0022121823416984395,4.893750712922391e-06,True,0.1263683529186462,31
2020-06-01,neutro,0.020231671051537177,0.026804678504156507,-0.00657300745261933,0.00657300745261933,4.320442697218925e-05,True,0.3795380171774144,298
2020-06-01,arriesgado,0.039572624370822415,0.0503993065058642,-0.010826682135041787,0.010826682135041787,0.000117217046053233,True,0.7794842467305205,299
2020-06-01,muy_arriesgado,0.04990903367060328,0.03720127521100774,0.012707758459595542,0.012707758459595542,0.00016148712506742206,True,0.9999983512554915,296
2020-07-01,muy_conservador,0.0,0.0,0.0,0.0,0.0,True,0.0,0
2020-07-01,conservador,0.00817107511611494,0.016187134685285178,-0.008016059569170238,0.008016059569170238,6.425721101648574e-05,True,0.11384840263369123,89
2020-07-01,neutro,0.024517542172198495,0.04869026927870314,-0.024172727106504643,0.024172727106504643,0.0005843207357655443,True,0.341131269581331,26
2020-07-01,arriesgado,0.049011974014658566,0.09696594147581049,-0.04795396746115192,0.04795396746115192,0.002299582995265217,True,0.6873425015211273,119
2020-07-01,muy_arriesgado,0.06379639616553849,0.1265013382847502,-0.0627049421192117,0.0627049421192117,0.003931909766173689,True,0.9734622467054347,65
2020-08-01,muy_conservador,0.0,0.0,0.0,0.0,0.0,True,0.0,0
2020-08-01,conservador,0.007714738025206644,0.025186578193739293,-0.01747184016853265,0.01747184016853265,0.00030526519887475096,True,0.12074826852263615,181
2020-08-01,neutro,0.023145911666637282,0.07555913991982599,-0.05241322825318871,0.05241322825318871,0.0027471464959208593,True,0.36209096337885677,33
2020-08-01,arriesgado,0.04627646223227664,0.14985404250130568,-0.10357758026902905,0.10357758026902905,0.010728315134387156,True,0.7286603437065121,19
2020-08-01,muy_arriesgado,0.06054605641129727,0.18601649902532422,-0.12547044261402696,0.12547044261402696,0.01574283196975983,True,0.999998216082653,36
2020-09-01,muy_conservador,0.0,0.0,0.0,0.0,0.0,True,0.0,0
2020-09-01,conservador,0.008863804046097106,-0.01145468429822781,0.02031848834432492,0.02031848834432492,0.0004128409685984676,False,0.12031519995397934,229
2020-09-01,neutro,0.02659783667797556,-0.03431206701555381,0.060909903693529374,0.060909903693529374,0.0037100163679550232,False,0.3623059870378741,23
2020-09-01,arriesgado,0.053197067328359035,-0.06873286006407799,0.12192992739243702,0.12192992739243702,0.014866907193924963,False,0.7237007249041691,230
2020-09-01,muy_arriesgado,0.07018167446978532,-0.09464081373017738,0.1648224881999627,0.1648224881999627,0.027166452616426844,False,0.9999530152862268,56
2020-10-01,muy_conservador,0.0,0.0,0.0,0.0,0.0,True,0.0,0
2020-10-01,conservador,0.011114612624262278,-0.0006507785047832222,0.0117653911290455,0.0117653911290455,0.00013842442841942255,False,0.10536574012315925,266
2020-10-01,neutro,0.03334984072190278,-0.0017439391850877543,0.03509377990699054,0.03509377990699054,0.0012315733881602927,False,0.3160067271434369,249
2020-10-01,arriesgado,0.06663885197782594,-0.0034260407330383457,0.07006489271086429,0.07006489271086429,0.004909089190584924,False,0.6387617546733475,245
2020-10-01,muy_arriesgado,0.08691117744777777,-0.004073572429971843,0.09098474987774961,0.09098474987774961,0.008278224710316659,False,0.92437913605764,148
2020-11-01,muy_conservador,0.0,0.0,0.0,0.0,0.0,True,0.0,0
2020-11-01,conservador,0.009068159248545447,0.009371332401035234,-0.00030317315248978675,0.00030317315248978675,9.191396039059549e-08,True,0.10406231685850648,292
2020-11-01,neutro,0.0272068772180307,0.027602819651239417,-0.0003959424332087187,0.0003959424332087187,1.567704104152407e-07,True,0.3132899369391106,41
2020-11-01,arriesgado,0.054297951036245067,0.05116817667532816,0.0031297743609169093,0.0031297743609169093,9.795487550252847e-06,True,0.640383302414185,295
2020-11-01,muy_arriesgado,0.07068347500234712,0.05034698712406334,0.02033648787828378,0.02033648787828378,0.0004135727392235831,True,0.926080627000638,123
2020-12-01,muy_conservador,0.0,0.0,0.0,0.0,0.0,True,0.0,0
2020-12-01,conservador,0.008957549255015055,0.012006005031013619,-0.0030484557759985643,0.0030484557759985643,9.293082618219009e-06,True,0.11411189574912153,69
2020-12-01,neutro,0.026875993612480494,0.03616059162276199,-0.009284598010281492,0.009284598010281492,8.620376021252305e-05,True,0.3409965978129674,225
2020-12-01,arriesgado,0.05374882704475055,0.07212035056940194,-0.018371523524651392,0.018371523524651392,0.00033751287661681954,True,0.6843794791671618,30
2020-12-01,muy_arriesgado,0.07009443153036214,0.09337830448796443,-0.023283872957602286,0.023283872957602286,0.000542138739905763,True,0.980809706099494,184
2021-01-01,muy_conservador,0.0,0.0,0.0,0.0,0.0,True,0.0,0
2021-01-01,conservador,0.008087258236177172,0.001463989733336229,0.006623268502840942,0.006623268502840942,4.38676856607249e-05,True,0.10303204052928726,197
2021-01-01,neutro,0.024263416471197743,0.004312740826071952,0.01995067564512579,0.01995067564512579,0.00039802945869701537,True,0.30839537434947517,29
2021-01-01,arriesgado,0.04841776696411575,0.006640425476977345,0.0417773414871384,0.0417773414871384,0.0017453462617329754,True,0.636411551165391,228
2021-01-01,muy_arriesgado,0.06301102890013649,-0.0016452164345026959,0.06465624533463919,0.06465624533463919,0.004180430060773052,False,0.9338956493635974,28
2021-02-01,muy_conservador,0.0,0.0,0.0,0.0,0.0,True,0.0,0
2021-02-01,conservador,0.008206611931468277,0.008866830775017402,-0.0006602188435491253,0.0006602188435491253,4.3588892137734436e-07,True,0.09725318675959596,48
2021-02-01,neutro,0.024620630946155905,0.026517174728068922,-0.0018965437819130175,0.0018965437819130175,3.5968783167129315e-06,True,0.2916103037718307,48
2021-02-01,arriesgado,0.049245885687601174,0.05274358514025714,-0.003497699452655968,0.003497699452655968,1.223390146110986e-05,True,0.5815972772716528,182
2021-02-01,muy_arriesgado,0.06498164774474814,0.08647077193663139,-0.021489124191883244,0.021489124191883244,0.0004617824585341817,True,0.8382808829258517,23
2021-03-01,muy_conservador,0.0,0.0,0.0,0.0,0.0,True,0.0,0
2021-03-01,conservador,0.009735689727724317,0.018861103276385117,-0.0091254135486608,0.0091254135486608,8.32731724340821e-05,True,0.10222502679197351,70
2021-03-01,neutro,0.02922434048273609,0.05733305072990461,-0.028108710247168524,0.028108710247168524,0.0007900995917592767,True,0.30325798225642975,148
2021-03-01,arriesgado,0.058456790261708275,0.11492796161785751,-0.056471171356149236,0.056471171356149236,0.00318899319433557,True,0.6045336150939912,72
2021-03-01,muy_arriesgado,0.07686072940817001,0.17318784973290666,-0.09632712032473664,0.09632712032473664,0.009278914110056291,True,0.8804383320257518,148
2021-04-01,muy_conservador,0.0,0.0,0.0,0.0,0.0,True,0.0,0
2021-04-01,conservador,0.009511991099282385,0.0028895864014914967,0.006622404697790889,0.006622404697790889,4.385624398132283e-05,True,0.11455968318103796,69
2021-04-01,neutro,0.028537362158493722,0.008636856678388297,0.019900505480105427,0.019900505480105427,0.0003960301183637061,True,0.34351685134211063,102
2021-04-01,arriesgado,0.05707825469026045,0.01703059432727561,0.040047660362984835,0.040047660362984835,0.0016038151005489866,True,0.6856837769400109,225
2021-04-01,muy_arriesgado,0.07609567600835268,0.02320717723530213,0.052888498773050546,0.052888498773050546,0.0027971933024669693,True,0.9166458948618701,36
2021-05-01,muy_conservador,0.0,0.0,0.0,0.0,0.0,True,0.0,0
2021-05-01,conservador,0.01199913067460707,0.0023030030790668547,0.009696127595540215,0.009696127595540215,9.401489034899647e-05,True,0.15315186659523647,177
2021-05-01,neutro,0.03599975894253845,0.0071922384732963475,0.028807520469242103,0.028807520469242103,0.0008298732355858028,True,0.45939824259597833,103
2021-05-01,arriesgado,0.07200229205971277,0.014321629031977232,0.05768066302773554,0.05768066302773554,0.003327058887319178,True,0.9182891621601141,97
2021-05-01,muy_arriesgado,0.09484057707992348,0.006080459335014383,0.08876011774490909,0.08876011774490909,0.007878358502090127,True,0.9999999949724802,48
2021-06-01,muy_conservador,0.0,0.0,0.0,0.0,0.0,True,0.0,0
2021-06-01,conservador,0.011768792011068927,0.0029767653195361564,0.00879202669153277,0.00879202669153277,7.729973334462467e-05,True,0.16212585701556503,55
2021-06-01,neutro,0.03530699407665731,0.008904806008140177,0.02640218806851713,0.02640218806851713,0.0006970755348053482,True,0.486583689630819,37
2021-06-01,arriesgado,0.07061500494381207,0.017764754702987124,0.052850250240824945,0.052850250240824945,0.0027931489505178173,True,0.9725554706063316,131
2021-06-01,muy_arriesgado,0.0918708287062961,0.015037077382736727,0.07683375132355938,0.07683375132355938,0.005903425342450563,True,0.999999974235529,255
2021-07-01,muy_conservador,0.0,0.0,0.0,0.0,0.0,True,0.0,0
2021-07-01,conservador,0.011305855980528271,-0.0008920274188348031,0.012197883399363075,0.012197883399363075,0.0001487883594244573,False,0.1612611843132098,36
2021-07-01,neutro,0.03391460031782079,-0.0024170116378419747,0.036331611955662764,0.036331611955662764,0.0013199860272968575,False,0.48331674379543227,185
2021-07-01,arriesgado,0.06783820245818162,-0.004428927777705012,0.07226713023588663,0.07226713023588663,0.005222538112530599,False,0.9657838113980436,104
2021-07-01,muy_arriesgado,0.08821354740388736,-0.009307050045965192,0.09752059744985254,0.09752059744985254,0.009510266926976187,False,0.9999999914918951,46
2021-08-01,muy_conservador,0.0,0.0,0.0,0.0,0.0,True,0.0,0
2021-08-01,conservador,0.011598728945911187,-0.00026514940368445056,0.011863878349595638,0.011863878349595638,0.00014075160949400414,False,0.16733880054023775,93
2021-08-01,neutro,0.034798115976671574,-0.0008500982719283722,0.035648214248599944,0.035648214248599944,0.0012707951791140842,False,0.5020960465612951,79
2021-08-01,arriesgado,0.06961185652073203,-0.0019155152269128574,0.07152737174764488,0.07152737174764488,0.005116164909125787,False,0.997909840639542,292
2021-08-01,muy_arriesgado,0.09003742243950198,-0.0056255514801604,0.09566297391966239,0.09566297391966239,0.009151404579154006,False,0.9999999711415752,289
2021-09-01,muy_conservador,0.0,0.0,0.0,0.0,0.0,True,0.0,0
2021-09-01,conservador,0.010583156601733404,-0.0031384970322089127,0.013721653633942317,0.013721653633942317,0.0001882837784498824,False,0.17085277506681174,250
2021-09-01,neutro,0.03175817282801344,-0.00937526262198093,0.04113343544999437,0.04113343544999437,0.0016919595119188537,False,0.5116047293450401,224
2021-09-01,arriesgado,0.0635574332834954,-0.01790679667689306,0.08146422996038846,0.08146422996038846,0.0066364207630390535,False,0.9999754375064521,76
2021-09-01,muy_arriesgado,0.0811473068345729,-0.020408719949653584,0.10155602678422648,0.10155602678422648,0.010313626576198527,False,0.9999999998258022,44
2021-10-01,muy_conservador,0.0,0.0,0.0,0.0,0.0,True,0.0,0
2021-10-01,conservador,0.010266042734974392,0.00953573769395418,0.0007303050410202121,0.0007303050410202121,5.333454529395337e-07,True,0.17041065910345526,300
2021-10-01,neutro,0.030806755473658777,0.029064374097369873,0.001742381376288904,0.001742381376288904,3.0358928604384153e-06,True,0.5123504730769701,297
2021-10-01,arriesgado,0.06164748938610062,0.05861307534528151,0.003034414040819111,0.003034414040819111,9.207668571120166e-06,True,0.9999998070050624,64
2021-10-01,muy_arriesgado,0.07893817353291324,0.07838431014257742,0.0005538633903358209,0.0005538633903358209,3.067646551542899e-07,True,0.9999999937530366,98
2021-11-01,muy_conservador,0.0,0.0,0.0,0.0,0.0,True,0.0,0
2021-11-01,conservador,0.009511346464091422,-0.0023560668872340375,0.011867413351325459,0.011867413351325459,0.00014083549965121774,False,0.17076319817358776,298
2021-11-01,neutro,0.028549143318052916,-0.007448105500557818,0.03599724881861074,0.03599724881861074,0.001295801922508972,False,0.5090786901775683,282
2021-11-01,arriesgado,0.05710163314231159,-0.01620638507306639,0.07330801821537798,0.07330801821537798,0.00537406553466619,False,0.9999995365085792,298
2021-11-01,muy_arriesgado,0.07145440696927564,-0.03383594853879744,0.10529035550807309,0.10529035550807309,0.011086058963016416,False,0.9999998997309197,219
2021-12-01,muy_conservador,0.0,0.0,0.0,0.0,0.0,True,0.0,0
2021-12-01,conservador,0.01084581918041449,0.0013809621346260966,0.009464857045788394,0.009464857045788394,8.95835188972102e-05,True,0.1628162200555484,39
2021-12-01,neutro,0.03253768640562588,0.004048663647352852,0.02848902275827303,0.02848902275827303,0.0008116244177213986,True,0.4887032583098273,43
2021-12-01,arriesgado,0.06507447598163199,0.008104590082293958,0.05696988589933803,0.05696988589933803,0.0032455678993835945,True,0.9763202880298951,234
2021-12-01,muy_arriesgado,0.08383970874278884,-0.015920129838627263,0.0997598385814161,0.0997598385814161,0.009952025393790196,False,0.9999998786339465,101
2022-01-01,muy_conservador,0.0,0.0,0.0,0.0,0.0,True,0.0,0
2022-01-01,conservador,0.008158071423858456,-0.006290519258558479,0.014448590682416936,0.014448590682416936,0.0002087617727080255,False,0.1664948706998392,62
2022-01-01,neutro,0.024477226172452363,-0.01869166689834947,0.043168893070801836,0.043168893070801836,0.0018635533289583228,False,0.4971645838975428,219
2022-01-01,arriesgado,0.04895509456642407,-0.03778057547515095,0.08673567004157502,0.08673567004157502,0.007523076457560974,False,0.9948527467030928,240
2022-01-01,muy_arriesgado,0.06240999913454429,-0.03855258676642102,0.10096258590096531,0.10096258590096531,0.010193443751809798,False,0.9999999858928548,219
2022-02-01,muy_conservador,0.0,0.0,0.0,0.0,0.0,True,0.0,0
2022-02-01,conservador,0.0071812706381107014,0.00011674523606721852,0.007064525402043483,0.007064525402043483,4.990751915611763e-05,True,0.17964460100375784,287
2022-02-01,neutro,0.021545579544011897,0.00027204158646631604,0.02127353795754558,0.02127353795754558,0.0004525634172311326,True,0.5385243264861261,194
2022-02-01,arriesgado,0.04281765094206762,0.002212779410294449,0.04060487153177317,0.04060487153177317,0.001648755592111803,True,0.9999999917800515,49
2022-02-01,muy_arriesgado,0.051502281517202146,-0.004463379611313881,0.05596566112851603,0.05596566112851603,0.0031321552255518903,False,0.9999999871251551,271
2022-03-01,muy_conservador,0.0,0.0,0.0,0.0,0.0,True,0.0,0
2022-03-01,conservador,0.0069655146850930005,0.014330903770599951,-0.0073653890855069504,0.0073653890855069504,5.424895638090491e-05,True,0.18898112736960349,162
2022-03-01,neutro,0.020895574809402084,0.04320877838235245,-0.022313203572950368,0.022313203572950368,0.0004978790536879251,True,0.5671532902250689,287
2022-03-01,arriesgado,0.04108089891999494,0.07516644437035255,-0.034085545450357614,0.034085545450357614,0.0011618244086483947,True,0.9999999889912299,84
2022-03-01,muy_arriesgado,0.049262526497442914,0.07281193361431906,-0.02354940711687615,0.02354940711687615,0.000554574575556377,True,0.999999983259044,180
2022-04-01,muy_conservador,0.0,0.0,0.0,0.0,0.0,True,0.0,0
2022-04-01,conservador,0.006107493446259761,-0.010116968310541295,0.016224461756801055,0.016224461756801055,0.0002632331592979,False,0.17974805945162775,200
2022-04-01,neutro,0.018323722309686038,-0.030219141190788255,0.04854286350047429,0.04854286350047429,0.0023564095968256794,False,0.5391309055919233,206
2022-04-01,arriesgado,0.0362877965119744,-0.05838548768142881,0.0946732841934032,0.0946732841934032,0.00896303073996489,False,0.9999999962983374,47
2022-04-01,muy_arriesgado,0.04349857050382813,-0.0835275031842582,0.12702607368808633,0.12702607368808633,0.016135623396611138,False,0.9999999751661678,117
2022-05-01,muy_conservador,0.0,0.0,0.0,0.0,0.0,True,0.0,0
2022-05-01,conservador,0.006796042742602541,-0.009452358224066619,0.016248400966669158,0.016248400966669158,0.00026401053397365524,False,0.18138553104951013,300
2022-05-01,neutro,0.02040360659619196,-0.02873830974546846,0.04914191634166042,0.04914191634166042,0.002414927941730752,False,0.542225421706573,65
2022-05-01,arriesgado,0.04041479542143874,-0.05344480826092634,0.09385960368236508,0.09385960368236508,0.00880962520341064,False,0.999998416283442,300
2022-05-01,muy_arriesgado,0.04825640931383034,-0.04647601781033957,0.0947324271241699,0.0947324271241699,0.008974232748836162,False,0.9999999462387902,272
2022-06-01,muy_conservador,0.0,0.0,0.0,0.0,0.0,True,0.0,0
2022-06-01,conservador,0.005286214169525089,-0.004461603847146008,0.009747818016671097,0.009747818016671097,9.501995608613763e-05,False,0.1624167385789713,292
2022-06-01,neutro,0.015867501416970062,-0.013738529889743303,0.029606031306713364,0.029606031306713364,0.0008765170897340918,False,0.4845162350403822,118
2022-06-01,arriesgado,0.03173834161061948,-0.026965592949468254,0.05870393456008774,0.05870393456008774,0.0034461519328350637,False,0.9686685095560814,115
2022-06-01,muy_arriesgado,0.040000020811337925,-0.054615888801226246,0.09461590961256416,0.09461590961256416,0.008952170351812911,False,0.9999999916508231,58
2022-07-01,muy_conservador,0.0,0.0,0.0,0.0,0.0,True,0.0,0
2022-07-01,conservador,0.004649574867452551,0.0006941141153639193,0.003955460752088632,0.003955460752088632,1.5645669761313566e-05,True,0.14362063139259412,133
2022-07-01,neutro,0.013952122855670336,0.001762705112188271,0.012189417743482065,0.012189417743482065,0.0001485819049251154,True,0.43197168638962646,218
2022-07-01,arriesgado,0.027904794214676017,0.0035294287058829322,0.024375365508793084,0.024375365508793084,0.0005941584436872595,True,0.8647556799744109,35
2022-07-01,muy_arriesgado,0.03674212545747301,0.010059413951646052,0.02668271150582696,0.02668271150582696,0.0007119670933031906,True,0.9999999135354873,49
2022-08-01,muy_conservador,0.0,0.0,0.0,0.0,0.0,True,0.0,0
2022-08-01,conservador,0.004569058189210665,4.761860208678666e-05,0.0045214395871238785,0.0045214395871238785,2.044341594001095e-05,True,0.1530557908555798,105
2022-08-01,neutro,0.013709128945032362,0.00026119251482653935,0.013447936430205823,0.013447936430205823,0.00018084699423085693,True,0.45849048924999697,68
2022-08-01,arriesgado,0.02730790148616868,-0.004460901282941675,0.03176880276911036,0.03176880276911036,0.001009256829382634,False,0.9434195455944185,30
2022-08-01,muy_arriesgado,0.03441589468447302,-0.003302893444479179,0.0377187881289522,0.0377187881289522,0.0014227069779167855,False,0.9999994731631423,300
2022-09-01,muy_conservador,0.0,0.0,0.0,0.0,0.0,True,0.0,0
2022-09-01,conservador,0.004191225182764673,-0.007329931156288795,0.011521156339053467,0.011521156339053467,0.0001327370433889119,False,0.14300604229180314,46
2022-09-01,neutro,0.012575345867364553,-0.022200265003326062,0.034775610870690615,0.034775610870690615,0.0012093431114296952,False,0.4272416956668166,45
2022-09-01,arriesgado,0.0251438304469671,-0.043465974454770406,0.06860980490173751,0.06860980490173751,0.004707305328654485,False,0.8588130916099334,21
2022-09-01,muy_arriesgado,0.03289656800655287,-0.05446446790000626,0.08736103590655914,0.08736103590655914,0.007631950594667115,False,0.9999996841846318,273
2022-10-01,muy_conservador,0.0,0.0,0.0,0.0,0.0,True,0.0,0
2022-10-01,conservador,0.004471600089298526,0.013086519253143854,-0.008614919163845328,0.008614919163845328,7.42168321995895e-05,True,0.11812402680259584,267
2022-10-01,neutro,0.01342448730462593,0.03909468102960738,-0.02567019372498145,0.02567019372498145,0.0006589588458780771,True,0.35304845433018084,22
2022-10-01,arriesgado,0.02653217309229896,0.07791652921577513,-0.05138435612347617,0.05138435612347617,0.002640352054224223,True,0.7359542025736643,292
2022-10-01,muy_arriesgado,0.03489387128603628,0.1025893624379327,-0.06769549115189641,0.06769549115189641,0.004582679522296485,True,0.9888237919799053,289
2022-11-01,muy_conservador,0.0,0.0,0.0,0.0,0.0,True,0.0,0
2022-11-01,conservador,0.004062179413060535,4.9693337036315625e-05,0.00401248607602422,0.00401248607602422,1.6100044510288242e-05,True,0.13047395972868403,212
2022-11-01,neutro,0.01219027346414833,0.00015297066718477484,0.012037302796963556,0.012037302796963556,0.00014489665862578663,True,0.39077969789720657,11
2022-11-01,arriesgado,0.024064321828336593,0.0022392170143194375,0.021825104814017157,0.021825104814017157,0.0004763352001428349,True,0.8115792512945983,86
2022-11-01,muy_arriesgado,0.031237772801491114,0.0017699840503725697,0.029467788751118544,0.029467788751118544,0.0008683505738805486,True,0.9999987098071155,274
2022-12-01,muy_conservador,0.0,0.0,0.0,0.0,0.0,True,0.0,0
2022-12-01,conservador,0.004803064502962553,-0.002734877485911818,0.007537941988874371,0.007537941988874371,5.68205694276353e-05,False,0.11740091502895761,32
2022-12-01,neutro,0.014410569248298453,-0.008170621918694611,0.022581191166993066,0.022581191166993066,0.0005099101945202857,False,0.3525979313917428,183
2022-12-01,arriesgado,0.02857787945392736,-0.018598780351837922,0.047176659805765284,0.047176659805765284,0.00222563723042891,False,0.7320995288659409,282
2022-12-01,muy_arriesgado,0.03750057577001817,-0.026823769203456468,0.06432434497347464,0.06432434497347464,0.004137621356266572,False,0.9999997259513352,292
2023-01-01,muy_conservador,0.0,0.0,0.0,0.0,0.0,True,0.0,0
2023-01-01,conservador,0.004901838503114778,0.0013590683403142453,0.0035427701628005324,0.0035427701628005324,1.255122042642971e-05,True,0.12653971614799342,79
2023-01-01,neutro,0.014707529899598825,0.004107119725816564,0.01060041017378226,0.01060041017378226,0.00011236869585242645,True,0.37779414399285444,54
2023-01-01,arriesgado,0.029418264765780217,0.008321567885128348,0.02109669688065187,0.02109669688065187,0.0004450706192741063,True,0.7542866802935919,86
2023-01-01,muy_arriesgado,0.03915730316655435,0.00914547860544429,0.03001182456111006,0.03001182456111006,0.0009007096134868491,True,0.999667384316908,209
2023-02-01,muy_conservador,0.0,0.0,0.0,0.0,0.0,True,0.0,0
2023-02-01,conservador,0.0037674387311333727,-0.0020756425013276464,0.005843081232461019,0.005843081232461019,3.414159828913818e-05,False,0.11600599099961086,95
2023-02-01,neutro,0.011302127236232362,-0.0062080214628345695,0.017510148699066932,0.017510148699066932,0.0003066053074634354,False,0.34798754846444924,141
2023-02-01,arriesgado,0.021949599446140968,-0.01300112627709671,0.03495072572323768,0.03495072572323768,0.0012215532285809881,False,0.7091195232163504,290
2023-02-01,muy_arriesgado,0.028553539049264515,-0.01910173344772513,0.04765527249698964,0.04765527249698964,0.0022710249967623376,False,0.9275680631875938,126
2023-03-01,muy_conservador,0.0,0.0,0.0,0.0,0.0,True,0.0,0
2023-03-01,conservador,0.004186814550824505,0.0033497707228540663,0.0008370438279704383,0.0008370438279704383,7.006423699434047e-07,True,0.12838372117197433,19
2023-03-01,neutro,0.012560003527341674,0.009993231692187578,0.002566771835154096,0.002566771835154096,6.588317653740325e-06,True,0.38548792495846074,39
2023-03-01,arriesgado,0.025119464918113774,0.020014559187875425,0.005104905730238349,0.005104905730238349,2.606006251462033e-05,True,0.7704568965581147,272
2023-03-01,muy_arriesgado,0.033485338227684104,0.030299689826967662,0.003185648400716442,0.003185648400716442,1.0148355732987225e-05,True,0.9998128324698357,279
2023-04-01,muy_conservador,0.0,0.0,0.0,0.0,0.0,True,0.0,0
2023-04-01,conservador,0.0034392366710382363,0.0015469766485723855,0.0018922600224658508,0.0018922600224658508,3.580647992622462e-06,True,0.12936936287439701,179
2023-04-01,neutro,0.010319224260842402,0.004693641033043803,0.0056255832277985985,0.0056255832277985985,3.1647186652888895e-05,True,0.38665366699169923,80
2023-04-01,arriesgado,0.0204093770046975,8.508587041485815e-05,0.020324291134282642,0.020324291134282642,0.00041307681011108,True,0.7699150324634956,104
2023-04-01,muy_arriesgado,0.026776735632564247,-0.0041528119133611525,0.0309295475459254,0.0309295475459254,0.00095663691139566,False,0.9999990927210058,288
2023-05-01,muy_conservador,0.0,0.0,0.0,0.0,0.0,True,0.0,0
2023-05-01,conservador,0.0037512806861248475,-0.002490085963931559,0.006241366650056406,0.006241366650056406,3.895465766043632e-05,False,0.11538398288912045,292
2023-05-01,neutro,0.011273908742132552,-0.007778385432357346,0.0190522941744899,0.0190522941744899,0.0003629899133113017,False,0.3430688317014039,13
2023-05-01,arriesgado,0.021741859434957374,-0.005787438914750033,0.02752929834970741,0.02752929834970741,0.000757862267627203,False,0.6673271989451293,108
2023-05-01,muy_arriesgado,0.028140802667609547,-0.003251352054990677,0.03139215472260022,0.03139215472260022,0.0009854673781276714,False,0.8701480841272554,296
2023-06-01,muy_conservador,0.0,0.0,0.0,0.0,0.0,True,0.0,0
2023-06-01,conservador,0.004418032211301642,0.006269069093616527,-0.0018510368823148856,0.0018510368823148856,3.4263375396900117e-06,True,0.11962907772895187,26
2023-06-01,neutro,0.01325315813663399,0.01914380152666491,-0.005890643390030922,0.005890643390030922,3.469967954851499e-05,True,0.35853441095136046,167
2023-06-01,arriesgado,0.026503277335390943,0.03798640091325148,-0.011483123577860535,0.011483123577860535,0.00013186212710441654,True,0.7208019242827676,53
2023-06-01,muy_arriesgado,0.03530070881939391,0.052799091882508926,-0.01749838306311502,0.01749838306311502,0.0003061934098235106,True,0.9505073248958906,283
2023-07-01,muy_conservador,0.0,0.0,0.0,0.0,0.0,True,0.0,0
2023-07-01,conservador,0.00434165480044723,0.00019391014567994957,0.00414774465476728,0.00414774465476728,1.7203785721150545e-05,True,0.0977850609201081,298
2023-07-01,neutro,0.013034571752036702,0.00022035852359481115,0.01281421322844189,0.01281421322844189,0.00016420406066397513,True,0.2922103025373806,30
2023-07-01,arriesgado,0.02606889160463392,0.0006573792693500263,0.025411512335283895,0.025411512335283895,0.0006457449591662855,True,0.5843040067367051,20
2023-07-01,muy_arriesgado,0.03462309922181804,-0.0007177444924187478,0.03534084371423679,0.03534084371423679,0.0012489752344341102,False,0.8086727567715284,180
2023-08-01,muy_conservador,0.0,0.0,0.0,0.0,0.0,True,0.0,0
2023-08-01,conservador,0.006137013416313817,-0.0015928532609483534,0.00772986667726217,0.00772986667726217,5.97508388482481e-05,False,0.10202940804615833,69
2023-08-01,neutro,0.01841543286894132,-0.004700944769351087,0.023116377638292405,0.023116377638292405,0.0005343669151161452,False,0.30578563411968274,26
2023-08-01,arriesgado,0.03682315712877392,-0.009186967366238821,0.04601012449501274,0.04601012449501274,0.002116931556046571,False,0.6131915583961394,127
2023-08-01,muy_arriesgado,0.04903230044116928,-0.010013650816257946,0.05904595125742723,0.05904595125742723,0.0034864243598944724,False,0.8212167619030437,95
2023-09-01,muy_conservador,0.0,0.0,0.0,0.0,0.0,True,0.0,0
2023-09-01,conservador,0.004553492266210416,-0.004609213346154614,0.00916270561236503,0.00916270561236503,8.395517413886563e-05,False,0.1058578115223671,183
2023-09-01,neutro,0.013664300860001503,-0.013850526406178698,0.0275148272661802,0.0275148272661802,0.0007570657194877335,False,0.31689989318261425,54
2023-09-01,arriesgado,0.02732740778758688,-0.02773381311558583,0.05506122090317271,0.05506122090317271,0.0030317380473479836,False,0.6343546135895485,78
2023-09-01,muy_arriesgado,0.03643660940825855,-0.03688944246950482,0.07332605187776337,0.07332605187776337,0.005376709883980445,False,0.845458899080952,50
2023-10-01,muy_conservador,0.0,0.0,0.0,0.0,0.0,True,0.0,0
2023-10-01,conservador,0.0056495605292121,0.0002801819111717966,0.005369378618040303,0.005369378618040303,2.8830226743868395e-05,True,0.10374185987624036,153
2023-10-01,neutro,0.01695010602772298,0.0008282596755021691,0.01612184635222081,0.01612184635222081,0.0002599139298046154,True,0.3105718412066034,83
2023-10-01,arriesgado,0.03378065901838591,-5.228030767625212e-05,0.03383293932606216,0.03383293932606216,0.0011446677834410037,False,0.6243581710560686,39
2023-10-01,muy_arriesgado,0.044602590202647514,-0.0014783297267919394,0.046080919929439454,0.046080919929439454,0.0021234511815434102,False,0.8399667675915968,287
2023-11-01,muy_conservador,0.0,0.0,0.0,0.0,0.0,True,0.0,0
2023-11-01,conservador,0.006046819001714276,0.007066239276462874,-0.001019420274748598,0.001019420274748598,1.039217696568507e-06,True,0.09833554253026909,69
2023-11-01,neutro,0.018141478773723577,0.021100195170393715,-0.002958716396670138,0.002958716396670138,8.754002715924724e-06,True,0.2934908249283451,298
2023-11-01,arriesgado,0.036279955782180205,0.042638539862029694,-0.006358584079849489,0.006358584079849489,4.043159150051537e-05,True,0.5869288511516939,297
2023-11-01,muy_arriesgado,0.04819582343802216,0.0574826671721637,-0.009286843734141542,0.009286843734141542,8.624546654236403e-05,True,0.8002112831177953,274
2023-12-01,muy_conservador,0.0,0.0,0.0,0.0,0.0,True,0.0,0
2023-12-01,conservador,0.005614501249854041,0.003127829069073348,0.002486672180780693,0.002486672180780693,6.1835385346686076e-06,True,0.09517482813641061,63
2023-12-01,neutro,0.016843672759402333,0.009393351356674797,0.007450321402727536,0.007450321402727536,5.5507289003940004e-05,True,0.28547900520161706,15
2023-12-01,arriesgado,0.03366941359648517,0.018386835940551134,0.015282577655934035,0.015282577655934035,0.0002335571798096542,True,0.5750147943134573,161
2023-12-01,muy_arriesgado,0.04449959054575578,0.022220135163626507,0.022279455382129273,0.022279455382129273,0.000496374132124289,True,0.783424354452215,294
2024-01-01,muy_conservador,0.0,0.0,0.0,0.0,0.0,True,0.0,0
2024-01-01,conservador,0.005693930773143356,0.009691362152353297,-0.003997431379209941,0.003997431379209941,1.5979457631492292e-05,True,0.09089115129881968,34
2024-01-01,neutro,0.017081333810935566,0.029057020721213165,-0.011975686910277599,0.011975686910277599,0.00014341707697299423,True,0.2728802965270695,165
2024-01-01,arriesgado,0.034032024357897525,0.0603950540843524,-0.02636302972645487,0.02636302972645487,0.0006950093363579432,True,0.556514188010587,94
2024-01-01,muy_arriesgado,0.04467491144393018,0.08067347514373571,-0.03599856369980553,0.03599856369980553,0.0012958965884489564,True,0.738984399812088,24
2024-02-01,muy_conservador,0.0,0.0,0.0,0.0,0.0,True,0.0,0
2024-02-01,conservador,0.0057970795955975905,0.014491663901588606,-0.008694584305991016,0.008694584305991016,7.559579625398527e-05,True,0.08743347735157284,152
2024-02-01,neutro,0.017394163109863713,0.04357211734227146,-0.02617795423240775,0.02617795423240775,0.0006852852877940348,True,0.26103583633645533,54
2024-02-01,arriesgado,0.03479023007467722,0.08729703338030663,-0.05250680330562941,0.05250680330562941,0.0027569643933760555,True,0.5209371241834709,29
2024-02-01,muy_arriesgado,0.046217904999537616,0.11333935330922969,-0.06712144830969208,0.06712144830969208,0.0045052888231906655,True,0.7078465203879716,90
2024-03-01,muy_conservador,0.0,0.0,0.0,0.0,0.0,True,0.0,0
2024-03-01,conservador,0.0055890874378797814,0.0017855848741042991,0.0038035025637754823,0.0038035025637754823,1.4466631752646666e-05,True,0.10005026502640886,296
2024-03-01,neutro,0.016771094320536,0.005186398920932008,0.011584695399603993,0.011584695399603993,0.0001342051675016059,True,0.29897697871710405,256
2024-03-01,arriesgado,0.033414771536313066,0.010054541291898,0.023360230244415067,0.023360230244415067,0.0005457003570720844,True,0.5967611099806942,194
2024-03-01,muy_arriesgado,0.04409959941980829,0.013034703451884419,0.031064895967923868,0.031064895967923868,0.0009650277614979326,True,0.7942246283688777,199
2024-04-01,muy_conservador,0.0,0.0,0.0,0.0,0.0,True,0.0,0
2024-04-01,conservador,0.008402320045148107,-0.002710100326334173,0.01111242037148228,0.01111242037148228,0.0001234858865125344,False,0.13623067391929378,181
2024-04-01,neutro,0.025207099890227694,-0.00815085048279125,0.033357950373018946,0.033357950373018946,0.0011127528530887948,False,0.4087806519571091,38
2024-04-01,arriesgado,0.04894541244458289,-0.01864328725906124,0.06758869970364413,0.06758869970364413,0.004568232327629384,False,0.8549660755171282,50
2024-04-01,muy_arriesgado,0.06344747565934046,-0.016154504413983972,0.07960198007332443,0.07960198007332443,0.00633647523159394,False,0.9999999133406572,63
2024-05-01,muy_conservador,0.0,0.0,0.0,0.0,0.0,True,0.0,0
2024-05-01,conservador,0.00884749788937477,0.0048194611797735,0.00402803670960127,0.00402803670960127,1.6225079733895425e-05,True,0.1777102329993603,49
2024-05-01,neutro,0.026546418336232263,0.014232595354847999,0.012313822981384264,0.012313822981384264,0.00015163023641686724,True,0.5297855120407615,35
2024-05-01,arriesgado,0.05200420946106675,0.029063293889419518,0.022940915571647232,0.022940915571647232,0.0005262856072654464,True,0.9999999500321312,55
2024-05-01,muy_arriesgado,0.06474453900128462,0.05619371790161552,0.008550821099669093,0.008550821099669093,7.311654147854615e-05,True,0.9999999823097168,158
2024-06-01,muy_conservador,0.0,0.0,0.0,0.0,0.0,True,0.0,0
2024-06-01,conservador,0.006973610810630896,0.003229942931240763,0.0037436678793901328,0.0037436678793901328,1.4015049191177414e-05,True,0.18439507474258898,64
2024-06-01,neutro,0.020917071684121227,0.00982368480192807,0.011093386882193157,0.011093386882193157,0.00012306323251801523,True,0.5552191693093074,295
2024-06-01,arriesgado,0.041604668764482794,0.01569191133128527,0.025912757433197525,0.025912757433197525,0.0006714709977917335,True,0.999999555727107,56
2024-06-01,muy_arriesgado,0.05199429174559866,0.022683852652002894,0.029310439093595764,0.029310439093595764,0.0008591018398593868,True,0.999999987656655,57
2024-07-01,muy_conservador,0.0,0.0,0.0,0.0,0.0,True,0.0,0
2024-07-01,conservador,0.008787933018548046,0.0047851259941241436,0.004002807024423903,0.004002807024423903,1.602246407477734e-05,True,0.2145223638850763,251
2024-07-01,neutro,0.026366087529233525,0.014361537860880739,0.012004549668352786,0.012004549668352786,0.000144109212739949,True,0.6434339190957752,147
2024-07-01,arriesgado,0.05131485981036895,0.011755412830392751,0.039559446979976196,0.039559446979976196,0.0015649498453615476,True,0.9999999955563128,49
2024-07-01,muy_arriesgado,0.06272496643497925,-0.0017364791454250986,0.06446144558040436,0.06446144558040436,0.004155277966315432,False,0.9999999936377417,107
2024-08-01,muy_conservador,0.0,0.0,0.0,0.0,0.0,True,0.0,0
2024-08-01,conservador,0.00849208243935259,0.018428035623743375,-0.009935953184390785,0.009935953184390785,9.872316568240537e-05,True,0.21323063994425756,90
2024-08-01,neutro,0.025474496974737113,0.05485871882787998,-0.029384221853142867,0.029384221853142867,0.0008634324939147188,True,0.6423996867746188,55
2024-08-01,arriesgado,0.049617757075602106,0.08068139548303767,-0.031063638407435562,0.031063638407435562,0.0009649496311079057,True,0.9999999764679537,55
2024-08-01,muy_arriesgado,0.060702613507582985,0.05768396689599232,0.003018646611590667,0.003018646611590667,9.112227365667814e-06,True,0.9999999839014712,74
2024-09-01,muy_conservador,0.0,0.0,0.0,0.0,0.0,True,0.0,0
2024-09-01,conservador,0.007658102659252058,-0.0024263583797592358,0.010084461039011294,0.010084461039011294,0.00010169635444733674,False,0.24196848178730007,76
2024-09-01,neutro,0.02297496283845153,-0.007356259077934147,0.030331221916385674,0.030331221916385674,0.0009199830229410347,False,0.7254138213554772,60
2024-09-01,arriesgado,0.042631412946089006,-0.009037326786750444,0.05166873973283945,0.05166873973283945,0.0026696586655799016,False,0.9999999562708695,204
2024-09-01,muy_arriesgado,0.049262459473326095,0.013615502514482316,0.035646956958843776,0.035646956958843776,0.0012707055404256606,True,0.9999993888061012,299
2024-10-01,muy_conservador,0.0,0.0,0.0,0.0,0.0,True,0.0,0
2024-10-01,conservador,0.010003407015616987,-0.004844978764169292,0.01484838577978628,0.01484838577978628,0.0002204745602653594,False,0.2553936971482763,88
2024-10-01,neutro,0.03001118786771741,-0.014504589261046197,0.0445157771287636,0.0445157771287636,0.001981654413377753,False,0.7655606858910722,63
2024-10-01,arriesgado,0.05256200123266965,-0.014659306453788316,0.06722130768645797,0.06722130768645797,0.004518704207077453,False,0.999999692063184,283
2024-10-01,muy_arriesgado,0.05872925793101361,-0.0011571931037523357,0.05988645103476595,0.05988645103476595,0.0035863870175394195,False,0.9999999719208892,281
2024-11-01,muy_conservador,0.0,0.0,0.0,0.0,0.0,True,0.0,0
2024-11-01,conservador,0.009660516895032778,0.01557808547515595,-0.0059175685801231715,0.0059175685801231715,3.501761790046097e-05,True,0.27491719127537684,101
2024-11-01,neutro,0.028980128224148093,0.0468775324590351,-0.017897404234887008,0.017897404234887008,0.0003203170783469514,True,0.825240319456436,282
2024-11-01,arriesgado,0.04915016460494436,0.060585956294704056,-0.011435791689759695,0.011435791689759695,0.0001307773315715769,True,0.9999999978131507,57
2024-11-01,muy_arriesgado,0.05586676130319262,0.08543665414378654,-0.02956989284059392,0.02956989284059392,0.0008743785626042077,True,0.999999713649988,300
2024-12-01,muy_conservador,0.0,0.0,0.0,0.0,0.0,True,0.0,0
2024-12-01,conservador,0.010537584444887725,0.0007490775258438663,0.009788506919043859,0.009788506919043859,9.58148677041695e-05,True,0.2728945099102226,299
2024-12-01,neutro,0.031629906479933675,0.002283794381549812,0.029346112098383864,0.029346112098383864,0.0008611942952909118,True,0.8182622154169573,70
2024-12-01,arriesgado,0.05512015519116356,-0.014703520766309453,0.06982367595747302,0.06982367595747302,0.004875345724214196,False,0.9999999935423473,111
2024-12-01,muy_arriesgado,0.06520076573184444,-0.020692503203230603,0.08589326893507504,0.08589326893507504,0.007377653648353127,False,0.9999999984982901,60
